Titulo,Precio
It's Only the Himalayas,Â£45.17
Full Moon over Noahâs Ark: An Odyssey to Mount Ararat and Beyond,Â£49.43
See America: A Celebration of Our National Parks & Treasured Sites,Â£48.87
Vagabonding: An Uncommon Guide to the Art of Long-Term World Travel,Â£36.94
Under the Tuscan Sun,Â£37.33
A Summer In Europe,Â£44.34
The Great Railway Bazaar,Â£30.54
A Year in Provence (Provence #1),Â£56.88
The Road to Little Dribbling: Adventures of an American in Britain (Notes From a Small Island #2),Â£23.21
Neither Here nor There: Travels in Europe,Â£38.95
"1,000 Places to See Before You Die",Â£26.08
